id,timestamp,severity,source,message
117,2021-01-02 06:16:08,INFO,mobile-app,Permission check failed
37,2021-01-02 18:38:37,INFO,notification-service,Request processed successfully
226,2021-01-04 13:49:46,WARNING,cron-job,Worker heartbeat received
839,2021-01-05 13:01:02,WARNING,web-frontend,Session token refreshed
432,2021-01-05 20:38:43,INFO,mobile-app,Disk usage warning triggered
205,2021-01-09 07:30:59,INFO,analytics-pipeline,Webhook delivered successfully
600,2021-01-11 18:59:14,WARNING,worker,Worker heartbeat received
87,2021-01-12 00:23:08,INFO,db-sync,File upload validated
644,2021-01-20 20:00:45,INFO,mobile-app,Cache miss handled
784,2021-01-26 01:11:19,WARNING,auth-service,Permission check failed
273,2021-01-26 03:49:41,INFO,api-gateway,Email notification queued
977,2021-01-27 07:06:05,INFO,analytics-pipeline,Session token refreshed
177,2021-02-01 12:55:18,INFO,mobile-app,Cache miss handled
712,2021-02-02 18:29:57,DEBUG,mobile-app,Metrics batch flushed
908,2021-02-05 09:43:09,INFO,mobile-app,Cache miss handled
861,2021-02-07 03:34:22,DEBUG,mobile-app,Database sync completed
684,2021-02-08 08:10:59,INFO,web-frontend,Cache miss handled
815,2021-02-09 08:22:07,WARNING,api-gateway,Rate limit threshold reached
567,2021-02-13 18:11:36,WARNING,worker,Disk usage warning triggered
605,2021-02-18 14:38:06,INFO,auth-service,Database sync started
438,2021-02-20 11:06:31,INFO,auth-service,Third-party API latency increased
528,2021-02-21 16:32:29,INFO,auth-service,Permission check failed
180,2021-02-23 13:45:03,DEBUG,mobile-app,Input validation failed
399,2021-02-26 15:22:03,INFO,db-sync,Payment retry scheduled
360,2021-02-28 05:28:13,INFO,auth-service,Connection timeout detected
535,2021-02-28 20:04:21,INFO,web-frontend,Database sync completed
425,2021-03-01 01:01:57,INFO,db-sync,Unexpected null value encountered
891,2021-03-03 21:56:19,INFO,api-gateway,Connection timeout detected
915,2021-03-04 09:07:27,INFO,auth-service,Cache miss handled
957,2021-03-04 20:40:25,INFO,worker,Session token refreshed
436,2021-03-05 04:14:08,INFO,notification-service,User login completed
894,2021-03-10 01:56:39,DEBUG,db-sync,Database sync started
101,2021-03-15 12:32:53,WARNING,web-frontend,Connection timeout detected
988,2021-03-21 02:04:56,WARNING,worker,File upload validated
879,2021-03-22 23:23:45,INFO,mobile-app,Request processed successfully
682,2021-03-23 14:13:46,DEBUG,cron-job,Cache miss handled
5,2021-03-24 10:39:55,INFO,cron-job,Permission check failed
701,2021-03-25 15:00:36,ERROR,notification-service,Payment retry scheduled
148,2021-03-25 18:45:51,ERROR,analytics-pipeline,Disk usage warning triggered
104,2021-03-27 18:02:43,DEBUG,worker,Rate limit threshold reached
493,2021-03-30 03:40:51,DEBUG,analytics-pipeline,File upload validated
231,2021-03-31 16:39:41,ERROR,analytics-pipeline,Background job executed
965,2021-03-31 22:31:52,INFO,mobile-app,User login completed
868,2021-04-02 14:21:32,INFO,web-frontend,Rate limit threshold reached
155,2021-04-07 09:45:51,ERROR,mobile-app,Request processed successfully
594,2021-04-09 14:19:25,INFO,db-sync,Database sync completed
21,2021-04-10 17:34:02,WARNING,web-frontend,File upload validated
604,2021-04-11 02:17:48,WARNING,web-frontend,Email notification queued
278,2021-04-14 15:50:22,INFO,db-sync,Cache miss handled
643,2021-04-16 02:04:55,WARNING,auth-service,User login completed
256,2021-04-22 12:49:51,INFO,mobile-app,Session token refreshed
248,2021-04-26 00:22:57,DEBUG,analytics-pipeline,Connection timeout detected
293,2021-04-26 14:44:14,INFO,notification-service,Database sync started
953,2021-04-27 09:38:34,INFO,web-frontend,Database sync completed
561,2021-04-27 09:40:51,DEBUG,analytics-pipeline,Email notification queued
99,2021-05-01 07:30:56,ERROR,mobile-app,Payment retry scheduled
522,2021-05-01 21:38:08,DEBUG,payments-service,Webhook delivered successfully
624,2021-05-03 20:52:45,ERROR,mobile-app,Disk usage warning triggered
215,2021-05-04 20:14:07,ERROR,payments-service,Email notification queued
218,2021-05-05 23:53:27,WARNING,db-sync,Webhook delivered successfully
855,2021-05-06 07:12:31,INFO,payments-service,Database sync completed
547,2021-05-11 16:42:16,INFO,auth-service,Third-party API latency increased
661,2021-05-13 04:53:21,INFO,analytics-pipeline,Webhook delivered successfully
942,2021-05-13 14:08:44,INFO,web-frontend,Payment retry scheduled
866,2021-05-13 15:40:05,ERROR,api-gateway,Rate limit threshold reached
407,2021-05-16 17:56:37,INFO,mobile-app,Worker heartbeat received
109,2021-05-18 21:41:58,WARNING,api-gateway,Metrics batch flushed
721,2021-05-19 19:48:35,WARNING,auth-service,Request processed successfully
825,2021-05-23 20:37:52,INFO,web-frontend,Database sync completed
124,2021-05-24 13:56:41,INFO,notification-service,Email notification queued
910,2021-05-30 14:08:04,INFO,web-frontend,Rate limit threshold reached
956,2021-06-03 03:24:05,WARNING,worker,Third-party API latency increased
973,2021-06-04 06:15:01,INFO,analytics-pipeline,Payment retry scheduled
129,2021-06-06 00:33:14,INFO,auth-service,Worker heartbeat received
304,2021-06-07 03:24:25,WARNING,mobile-app,Database sync completed
59,2021-06-07 04:08:21,WARNING,cron-job,Request processed successfully
194,2021-06-09 14:55:33,INFO,notification-service,Database sync started
390,2021-06-12 16:39:20,WARNING,payments-service,Cache miss handled
742,2021-06-16 13:32:42,ERROR,api-gateway,Webhook delivered successfully
588,2021-06-22 20:30:23,INFO,cron-job,Permission check failed
379,2021-06-26 18:01:47,INFO,worker,Cache miss handled
67,2021-06-27 14:33:06,DEBUG,notification-service,Metrics batch flushed
39,2021-06-29 23:12:49,INFO,analytics-pipeline,Cache miss handled
62,2021-07-02 04:10:21,INFO,api-gateway,Input validation failed
758,2021-07-04 10:02:27,INFO,cron-job,File upload validated
873,2021-07-09 10:55:44,DEBUG,web-frontend,Database sync completed
429,2021-07-15 03:14:27,DEBUG,notification-service,Email notification queued
443,2021-07-16 01:07:01,WARNING,notification-service,User login completed
29,2021-07-17 08:58:09,INFO,analytics-pipeline,Worker heartbeat received
314,2021-07-17 11:13:50,INFO,payments-service,Metrics batch flushed
46,2021-07-18 22:07:01,INFO,analytics-pipeline,Unexpected null value encountered
864,2021-07-20 07:23:00,INFO,notification-service,Database sync completed
473,2021-07-21 18:12:30,INFO,worker,Session token refreshed
195,2021-07-23 00:21:34,INFO,auth-service,Disk usage warning triggered
22,2021-07-25 15:22:48,INFO,analytics-pipeline,Connection timeout detected
789,2021-08-01 13:08:20,INFO,api-gateway,Email notification queued
801,2021-08-09 15:02:19,INFO,api-gateway,Third-party API latency increased
125,2021-08-15 06:27:59,INFO,analytics-pipeline,Payment retry scheduled
804,2021-08-15 18:39:58,DEBUG,auth-service,Request processed successfully
592,2021-08-15 21:28:34,DEBUG,payments-service,Cache miss handled
77,2021-08-16 14:42:54,INFO,cron-job,File upload validated
676,2021-08-17 09:03:20,DEBUG,db-sync,Input validation failed
516,2021-08-17 10:55:28,INFO,notification-service,Unexpected null value encountered
705,2021-08-18 19:14:24,INFO,analytics-pipeline,Webhook delivered successfully
378,2021-08-19 12:03:23,INFO,notification-service,User login completed
917,2021-08-22 00:35:08,INFO,auth-service,Connection timeout detected
58,2021-08-23 05:06:17,INFO,cron-job,Database sync started
136,2021-08-29 17:34:39,WARNING,mobile-app,File upload validated
829,2021-08-30 23:40:50,INFO,auth-service,Metrics batch flushed
583,2021-08-31 15:45:38,ERROR,auth-service,User login completed
452,2021-09-03 05:13:26,INFO,db-sync,Unexpected null value encountered
938,2021-09-03 07:18:55,INFO,api-gateway,Metrics batch flushed
597,2021-09-07 07:52:23,WARNING,cron-job,Database sync completed
320,2021-09-09 00:10:29,INFO,db-sync,Cache miss handled
421,2021-09-11 12:56:32,INFO,api-gateway,Connection timeout detected
582,2021-09-12 08:41:33,INFO,cron-job,Third-party API latency increased
153,2021-09-12 11:22:16,INFO,cron-job,User login completed
928,2021-09-12 13:35:53,INFO,auth-service,Session token refreshed
779,2021-09-14 01:43:12,INFO,db-sync,User login completed
659,2021-09-14 21:31:26,INFO,web-frontend,Connection timeout detected
844,2021-09-21 18:46:59,INFO,cron-job,Database sync completed
347,2021-09-21 22:51:21,ERROR,db-sync,Rate limit threshold reached
40,2021-09-24 02:47:02,WARNING,auth-service,Unexpected null value encountered
675,2021-09-24 05:48:59,WARNING,worker,Background job executed
934,2021-09-24 06:48:01,WARNING,cron-job,Permission check failed
833,2021-09-26 09:22:16,INFO,api-gateway,Third-party API latency increased
3,2021-09-28 02:37:44,INFO,api-gateway,Request processed successfully
890,2021-10-08 10:04:40,DEBUG,analytics-pipeline,Background job executed
856,2021-10-11 09:19:37,WARNING,payments-service,Input validation failed
329,2021-10-11 10:12:46,WARNING,auth-service,Permission check failed
303,2021-10-12 19:39:56,WARNING,analytics-pipeline,Request processed successfully
418,2021-10-12 22:39:33,ERROR,mobile-app,Worker heartbeat received
344,2021-10-13 01:56:55,WARNING,mobile-app,Input validation failed
865,2021-10-13 18:25:26,ERROR,payments-service,Database sync started
622,2021-10-15 06:36:54,INFO,mobile-app,User login completed
9,2021-10-16 03:37:53,INFO,payments-service,Third-party API latency increased
842,2021-10-17 00:34:09,DEBUG,mobile-app,Metrics batch flushed
60,2021-10-17 18:10:35,ERROR,mobile-app,Rate limit threshold reached
122,2021-10-18 03:27:14,WARNING,mobile-app,Session token refreshed
490,2021-10-18 06:31:36,INFO,db-sync,Disk usage warning triggered
657,2021-10-18 11:54:10,INFO,web-frontend,Unexpected null value encountered
4,2021-10-19 02:25:25,INFO,cron-job,Email notification queued
327,2021-10-23 10:06:50,INFO,payments-service,File upload validated
330,2021-10-28 00:21:56,WARNING,payments-service,Database sync completed
927,2021-10-29 07:52:03,DEBUG,db-sync,Session token refreshed
294,2021-10-29 23:09:39,INFO,cron-job,Database sync completed
670,2021-10-31 11:58:48,INFO,auth-service,Connection timeout detected
632,2021-11-03 08:45:44,WARNING,notification-service,Connection timeout detected
422,2021-11-04 20:10:23,WARNING,payments-service,Database sync completed
324,2021-11-05 03:16:54,WARNING,auth-service,Unexpected null value encountered
774,2021-11-06 08:49:50,INFO,notification-service,Request processed successfully
882,2021-11-08 02:33:26,INFO,mobile-app,File upload validated
249,2021-11-08 19:43:36,ERROR,notification-service,Database sync started
793,2021-11-09 03:13:19,DEBUG,auth-service,Disk usage warning triggered
897,2021-11-10 21:30:16,INFO,payments-service,Database sync completed
192,2021-11-15 17:29:20,ERROR,analytics-pipeline,Session token refreshed
415,2021-11-15 17:38:40,WARNING,cron-job,Database sync started
385,2021-11-18 13:39:33,WARNING,payments-service,Cache miss handled
840,2021-11-19 23:00:02,INFO,mobile-app,Permission check failed
167,2021-11-24 21:32:54,INFO,payments-service,Worker heartbeat received
365,2021-11-25 21:43:39,INFO,analytics-pipeline,Input validation failed
651,2021-11-29 11:43:22,ERROR,cron-job,Database sync completed
562,2021-11-30 08:55:09,ERROR,payments-service,Session token refreshed
106,2021-12-03 19:04:47,INFO,payments-service,Connection timeout detected
38,2021-12-14 13:27:43,ERROR,worker,Background job executed
351,2021-12-20 14:50:54,INFO,auth-service,Session token refreshed
750,2021-12-21 19:51:54,INFO,cron-job,Third-party API latency increased
717,2021-12-27 14:45:24,WARNING,db-sync,Third-party API latency increased
755,2021-12-31 16:56:11,WARNING,mobile-app,Payment retry scheduled
234,2021-12-31 22:54:38,INFO,db-sync,Webhook delivered successfully
736,2022-01-02 04:24:07,INFO,auth-service,Rate limit threshold reached
818,2022-01-02 18:56:49,WARNING,api-gateway,Connection timeout detected
198,2022-01-04 00:23:19,INFO,web-frontend,Email notification queued
518,2022-01-05 03:11:30,DEBUG,auth-service,Input validation failed
854,2022-01-08 13:24:11,DEBUG,worker,Email notification queued
545,2022-01-14 15:35:30,INFO,cron-job,Input validation failed
470,2022-01-17 00:30:32,DEBUG,auth-service,Worker heartbeat received
775,2022-01-21 23:47:42,ERROR,db-sync,Worker heartbeat received
489,2022-01-24 21:22:24,INFO,analytics-pipeline,Unexpected null value encountered
481,2022-01-25 09:02:31,ERROR,auth-service,Worker heartbeat received
41,2022-01-26 17:23:01,DEBUG,notification-service,Unexpected null value encountered
321,2022-01-28 01:31:36,INFO,analytics-pipeline,Unexpected null value encountered
461,2022-01-28 04:23:34,DEBUG,payments-service,Third-party API latency increased
313,2022-01-29 19:48:06,WARNING,cron-job,Database sync started
478,2022-02-08 04:26:38,INFO,auth-service,Cache miss handled
78,2022-02-16 12:40:38,ERROR,auth-service,Background job executed
680,2022-02-16 16:26:18,DEBUG,web-frontend,Worker heartbeat received
130,2022-02-19 06:29:02,WARNING,cron-job,Unexpected null value encountered
513,2022-02-21 02:54:46,ERROR,payments-service,Input validation failed
620,2022-02-21 14:40:48,INFO,worker,Payment retry scheduled
82,2022-02-22 05:28:16,INFO,auth-service,Unexpected null value encountered
959,2022-02-22 12:30:38,INFO,notification-service,Connection timeout detected
761,2022-02-26 06:14:29,ERROR,web-frontend,User login completed
964,2022-02-26 10:47:00,WARNING,cron-job,Disk usage warning triggered
850,2022-02-27 21:14:05,WARNING,analytics-pipeline,Database sync started
743,2022-03-01 04:45:58,INFO,web-frontend,Unexpected null value encountered
423,2022-03-04 12:10:09,DEBUG,notification-service,Database sync completed
138,2022-03-06 21:55:04,INFO,web-frontend,Database sync completed
687,2022-03-08 08:39:55,INFO,worker,Webhook delivered successfully
524,2022-03-11 06:49:33,INFO,analytics-pipeline,Connection timeout detected
795,2022-03-11 10:29:40,INFO,auth-service,Background job executed
641,2022-03-11 20:03:50,WARNING,notification-service,Rate limit threshold reached
571,2022-03-13 20:46:53,INFO,mobile-app,Request processed successfully
284,2022-03-14 07:36:13,WARNING,mobile-app,Input validation failed
504,2022-03-14 16:35:53,DEBUG,worker,Input validation failed
888,2022-03-18 11:54:53,INFO,mobile-app,Webhook delivered successfully
24,2022-03-20 21:16:40,INFO,mobile-app,Unexpected null value encountered
665,2022-03-24 23:42:07,WARNING,web-frontend,Cache miss handled
618,2022-03-25 11:38:46,WARNING,api-gateway,Unexpected null value encountered
688,2022-03-30 09:41:21,DEBUG,web-frontend,File upload validated
371,2022-03-31 23:40:21,INFO,db-sync,Email notification queued
940,2022-04-04 02:29:39,DEBUG,notification-service,Rate limit threshold reached
307,2022-04-04 10:26:12,WARNING,analytics-pipeline,Request processed successfully
127,2022-04-04 11:43:00,WARNING,api-gateway,Database sync started
533,2022-04-05 02:57:19,WARNING,mobile-app,User login completed
242,2022-04-07 16:04:38,INFO,notification-service,Third-party API latency increased
616,2022-04-09 14:28:17,INFO,db-sync,Unexpected null value encountered
986,2022-04-11 19:32:18,INFO,mobile-app,User login completed
837,2022-04-13 19:02:35,DEBUG,web-frontend,Request processed successfully
645,2022-04-15 05:35:12,DEBUG,cron-job,Worker heartbeat received
28,2022-04-20 20:40:29,INFO,web-frontend,Email notification queued
372,2022-04-20 22:47:50,WARNING,auth-service,Rate limit threshold reached
168,2022-04-21 07:50:48,INFO,cron-job,File upload validated
579,2022-04-21 22:20:37,INFO,analytics-pipeline,Third-party API latency increased
463,2022-04-22 17:10:43,WARNING,payments-service,Third-party API latency increased
95,2022-04-26 04:19:55,ERROR,mobile-app,Rate limit threshold reached
65,2022-04-26 22:29:17,INFO,mobile-app,User login completed
851,2022-04-28 20:15:02,DEBUG,notification-service,Worker heartbeat received
83,2022-04-28 23:02:10,INFO,analytics-pipeline,Payment retry scheduled
8,2022-04-29 01:23:31,INFO,payments-service,Database sync started
898,2022-05-05 08:20:26,WARNING,web-frontend,Webhook delivered successfully
474,2022-05-05 08:26:32,WARNING,db-sync,Third-party API latency increased
555,2022-05-06 16:56:25,INFO,notification-service,Webhook delivered successfully
33,2022-05-07 09:05:48,INFO,worker,Metrics batch flushed
232,2022-05-08 01:31:55,INFO,api-gateway,Unexpected null value encountered
963,2022-05-09 21:50:41,DEBUG,cron-job,Input validation failed
133,2022-05-10 11:40:24,WARNING,notification-service,Worker heartbeat received
7,2022-05-12 01:03:40,WARNING,payments-service,File upload validated
88,2022-05-18 00:25:31,WARNING,cron-job,Permission check failed
566,2022-05-20 20:27:00,WARNING,worker,Rate limit threshold reached
525,2022-05-20 21:01:50,INFO,analytics-pipeline,Session token refreshed
19,2022-05-23 16:10:22,INFO,worker,Unexpected null value encountered
42,2022-05-29 00:45:30,INFO,analytics-pipeline,Permission check failed
211,2022-05-31 12:05:58,WARNING,analytics-pipeline,Disk usage warning triggered
757,2022-05-31 16:29:11,INFO,mobile-app,Payment retry scheduled
259,2022-06-01 21:03:26,WARNING,api-gateway,User login completed
822,2022-06-03 11:34:43,INFO,worker,Database sync started
941,2022-06-04 08:42:35,ERROR,mobile-app,Database sync completed
746,2022-06-04 15:19:26,DEBUG,api-gateway,Background job executed
640,2022-06-07 16:24:35,WARNING,payments-service,Rate limit threshold reached
532,2022-06-14 18:18:03,INFO,analytics-pipeline,Input validation failed
363,2022-06-18 23:47:35,WARNING,analytics-pipeline,Worker heartbeat received
471,2022-06-21 10:11:28,ERROR,notification-service,Cache miss handled
885,2022-06-24 16:54:28,INFO,analytics-pipeline,Connection timeout detected
858,2022-06-25 04:31:05,DEBUG,web-frontend,Worker heartbeat received
263,2022-06-28 22:07:02,DEBUG,web-frontend,Email notification queued
357,2022-06-30 20:45:15,DEBUG,cron-job,Background job executed
96,2022-07-05 01:58:53,ERROR,api-gateway,Rate limit threshold reached
893,2022-07-06 08:22:01,ERROR,payments-service,User login completed
970,2022-07-06 17:35:59,ERROR,notification-service,Disk usage warning triggered
902,2022-07-07 02:53:24,WARNING,analytics-pipeline,Input validation failed
34,2022-07-10 01:14:59,INFO,auth-service,Session token refreshed
826,2022-07-11 00:17:38,ERROR,api-gateway,Unexpected null value encountered
341,2022-07-15 12:47:51,INFO,worker,Connection timeout detected
993,2022-07-17 18:28:06,INFO,notification-service,Database sync completed
69,2022-08-01 08:06:49,DEBUG,auth-service,Background job executed
450,2022-08-04 10:06:04,INFO,notification-service,Third-party API latency increased
741,2022-08-05 07:04:52,INFO,notification-service,Email notification queued
961,2022-08-07 21:30:03,INFO,web-frontend,Webhook delivered successfully
627,2022-08-14 09:11:36,ERROR,auth-service,Webhook delivered successfully
186,2022-08-19 02:19:48,INFO,notification-service,File upload validated
56,2022-08-19 05:59:28,INFO,notification-service,Database sync completed
115,2022-08-20 00:38:03,INFO,web-frontend,Rate limit threshold reached
369,2022-08-26 10:30:28,ERROR,payments-service,Third-party API latency increased
836,2022-08-31 03:45:07,WARNING,cron-job,Background job executed
488,2022-09-02 21:19:54,INFO,cron-job,File upload validated
862,2022-09-08 13:52:10,WARNING,payments-service,Cache miss handled
162,2022-09-09 04:32:24,DEBUG,mobile-app,Database sync started
834,2022-09-16 11:07:33,INFO,worker,Email notification queued
280,2022-09-16 20:20:43,DEBUG,cron-job,Third-party API latency increased
549,2022-09-20 19:16:56,WARNING,worker,Unexpected null value encountered
633,2022-09-24 02:17:00,INFO,web-frontend,User login completed
229,2022-09-25 10:24:09,INFO,db-sync,Session token refreshed
921,2022-10-01 14:57:14,ERROR,web-frontend,Unexpected null value encountered
853,2022-10-08 02:28:44,INFO,notification-service,File upload validated
93,2022-10-15 16:26:30,WARNING,auth-service,Third-party API latency increased
355,2022-10-19 06:44:49,WARNING,worker,Session token refreshed
43,2022-10-21 00:49:06,ERROR,mobile-app,Session token refreshed
175,2022-10-22 00:48:08,INFO,worker,Connection timeout detected
23,2022-10-23 14:35:02,WARNING,web-frontend,Worker heartbeat received
782,2022-10-26 01:50:10,INFO,db-sync,Disk usage warning triggered
139,2022-10-27 17:28:58,DEBUG,web-frontend,Connection timeout detected
325,2022-10-31 01:16:54,INFO,mobile-app,Permission check failed
145,2022-11-13 17:15:47,INFO,notification-service,Request processed successfully
20,2022-11-14 07:41:38,WARNING,api-gateway,Background job executed
6,2022-11-16 21:14:38,INFO,worker,Request processed successfully
974,2022-11-19 17:07:57,INFO,mobile-app,File upload validated
367,2022-11-20 09:36:36,INFO,db-sync,Cache miss handled
2,2022-11-25 11:47:57,DEBUG,auth-service,Unexpected null value encountered
336,2022-11-28 16:54:32,WARNING,payments-service,Unexpected null value encountered
123,2022-11-29 22:25:19,WARNING,db-sync,Request processed successfully
552,2022-12-03 03:17:51,INFO,api-gateway,Database sync started
338,2022-12-04 15:38:39,WARNING,cron-job,Email notification queued
783,2022-12-04 18:00:47,INFO,notification-service,Request processed successfully
401,2022-12-05 20:16:25,ERROR,db-sync,Cache miss handled
189,2022-12-08 18:22:27,INFO,worker,Request processed successfully
257,2022-12-08 18:36:23,WARNING,web-frontend,Database sync started
531,2022-12-08 22:51:09,WARNING,analytics-pipeline,Webhook delivered successfully
637,2022-12-16 15:25:54,INFO,mobile-app,Webhook delivered successfully
47,2022-12-16 22:35:53,INFO,api-gateway,Cache miss handled
265,2022-12-23 09:13:30,INFO,worker,Worker heartbeat received
558,2022-12-23 11:35:34,INFO,api-gateway,Rate limit threshold reached
15,2022-12-25 06:08:47,ERROR,web-frontend,File upload validated
838,2022-12-25 21:34:15,INFO,api-gateway,Connection timeout detected
608,2022-12-30 01:36:10,INFO,api-gateway,Database sync completed
300,2023-01-04 13:50:03,ERROR,auth-service,Third-party API latency increased
476,2023-01-06 12:19:45,WARNING,api-gateway,Third-party API latency increased
923,2023-01-09 00:53:02,DEBUG,web-frontend,Disk usage warning triggered
427,2023-01-09 07:44:23,INFO,api-gateway,Background job executed
74,2023-01-12 13:42:53,INFO,db-sync,Session token refreshed
629,2023-01-14 13:48:34,INFO,worker,Input validation failed
204,2023-01-16 05:38:38,INFO,auth-service,Rate limit threshold reached
179,2023-01-17 15:51:04,WARNING,notification-service,Worker heartbeat received
652,2023-01-19 15:56:19,INFO,cron-job,File upload validated
439,2023-01-20 03:39:06,WARNING,auth-service,Disk usage warning triggered
178,2023-01-20 20:48:41,WARNING,notification-service,Unexpected null value encountered
969,2023-01-22 16:12:43,INFO,analytics-pipeline,Worker heartbeat received
431,2023-01-22 16:12:52,WARNING,worker,Permission check failed
698,2023-01-24 04:27:56,INFO,worker,Input validation failed
835,2023-01-24 16:22:25,INFO,analytics-pipeline,Webhook delivered successfully
628,2023-01-24 17:03:31,WARNING,mobile-app,Input validation failed
655,2023-01-26 14:53:41,ERROR,mobile-app,Session token refreshed
812,2023-01-30 13:43:55,DEBUG,web-frontend,Database sync started
607,2023-01-31 08:42:03,WARNING,web-frontend,Worker heartbeat received
497,2023-01-31 19:25:12,WARNING,web-frontend,Session token refreshed
709,2023-02-11 05:26:33,WARNING,payments-service,Rate limit threshold reached
966,2023-02-15 03:20:33,DEBUG,api-gateway,Third-party API latency increased
466,2023-02-15 12:23:37,ERROR,api-gateway,Rate limit threshold reached
763,2023-02-15 17:17:04,DEBUG,payments-service,Background job executed
216,2023-02-17 20:47:02,DEBUG,mobile-app,Disk usage warning triggered
690,2023-02-22 00:05:33,ERROR,notification-service,Email notification queued
392,2023-02-22 22:10:03,WARNING,analytics-pipeline,Database sync completed
225,2023-02-24 04:13:20,INFO,web-frontend,Metrics batch flushed
704,2023-02-25 01:18:43,WARNING,web-frontend,Input validation failed
591,2023-03-02 13:42:19,WARNING,mobile-app,Disk usage warning triggered
266,2023-03-05 06:32:20,WARNING,notification-service,Session token refreshed
282,2023-03-10 09:04:40,ERROR,notification-service,Session token refreshed
994,2023-03-15 14:28:47,WARNING,cron-job,Rate limit threshold reached
134,2023-03-17 06:43:21,WARNING,worker,Metrics batch flushed
817,2023-03-17 10:51:17,INFO,db-sync,File upload validated
635,2023-03-22 04:43:37,INFO,analytics-pipeline,Disk usage warning triggered
572,2023-03-22 05:33:34,INFO,notification-service,File upload validated
985,2023-03-23 08:31:28,WARNING,worker,Payment retry scheduled
574,2023-03-24 14:48:59,WARNING,mobile-app,User login completed
631,2023-03-24 15:26:55,INFO,notification-service,Worker heartbeat received
468,2023-03-25 07:29:00,WARNING,notification-service,Payment retry scheduled
805,2023-03-26 13:57:04,INFO,api-gateway,Input validation failed
731,2023-03-27 02:29:12,WARNING,notification-service,Metrics batch flushed
932,2023-03-30 00:46:13,INFO,worker,Background job executed
286,2023-04-02 15:27:39,INFO,notification-service,Third-party API latency increased
208,2023-04-02 22:37:21,WARNING,analytics-pipeline,Payment retry scheduled
63,2023-04-04 22:58:23,ERROR,notification-service,Session token refreshed
210,2023-04-06 06:59:33,WARNING,auth-service,User login completed
98,2023-04-09 22:28:32,INFO,auth-service,Input validation failed
623,2023-04-15 01:56:48,INFO,analytics-pipeline,Email notification queued
933,2023-04-15 09:26:01,INFO,db-sync,Database sync started
960,2023-04-18 01:24:35,WARNING,analytics-pipeline,Cache miss handled
662,2023-04-23 06:18:44,DEBUG,auth-service,File upload validated
448,2023-04-29 20:30:25,DEBUG,payments-service,Permission check failed
778,2023-05-02 08:22:19,DEBUG,payments-service,File upload validated
377,2023-05-04 09:09:10,INFO,payments-service,Metrics batch flushed
649,2023-05-04 14:09:15,INFO,worker,Request processed successfully
946,2023-05-09 03:01:33,INFO,api-gateway,Email notification queued
239,2023-05-09 06:29:57,WARNING,web-frontend,Connection timeout detected
308,2023-05-12 11:06:39,ERROR,db-sync,Database sync completed
762,2023-05-12 14:44:29,ERROR,db-sync,Database sync completed
102,2023-05-16 14:08:58,ERROR,worker,Third-party API latency increased
176,2023-05-19 20:50:52,ERROR,worker,Unexpected null value encountered
517,2023-05-20 01:29:07,WARNING,analytics-pipeline,Email notification queued
870,2023-05-20 11:28:04,INFO,db-sync,User login completed
958,2023-05-22 00:09:41,WARNING,auth-service,Background job executed
880,2023-05-23 19:51:28,DEBUG,notification-service,Metrics batch flushed
188,2023-05-30 05:54:44,ERROR,mobile-app,Session token refreshed
121,2023-06-01 16:38:53,INFO,analytics-pipeline,Connection timeout detected
416,2023-06-05 15:50:21,DEBUG,db-sync,File upload validated
557,2023-06-06 18:06:37,INFO,auth-service,Disk usage warning triggered
447,2023-06-08 21:58:28,INFO,api-gateway,Connection timeout detected
334,2023-06-13 15:12:10,INFO,payments-service,Database sync started
212,2023-06-16 16:21:55,INFO,notification-service,Session token refreshed
748,2023-06-16 20:49:06,INFO,notification-service,Disk usage warning triggered
760,2023-06-18 22:15:00,INFO,cron-job,Database sync started
362,2023-06-19 11:49:07,DEBUG,api-gateway,Connection timeout detected
496,2023-06-19 23:29:03,INFO,worker,Webhook delivered successfully
206,2023-06-24 21:52:01,DEBUG,worker,Session token refreshed
697,2023-06-25 11:56:57,WARNING,notification-service,Disk usage warning triggered
847,2023-06-26 04:56:27,INFO,payments-service,Input validation failed
235,2023-06-26 18:46:30,INFO,worker,Permission check failed
747,2023-06-27 11:48:08,DEBUG,mobile-app,Unexpected null value encountered
444,2023-07-01 16:39:51,INFO,mobile-app,User login completed
453,2023-07-02 16:48:43,INFO,auth-service,Connection timeout detected
323,2023-07-06 05:10:11,INFO,analytics-pipeline,Permission check failed
279,2023-07-06 21:01:49,INFO,web-frontend,Rate limit threshold reached
799,2023-07-08 05:12:44,INFO,mobile-app,Webhook delivered successfully
402,2023-07-08 23:51:26,WARNING,auth-service,Metrics batch flushed
983,2023-07-17 07:58:41,WARNING,notification-service,Cache miss handled
241,2023-07-17 13:56:15,WARNING,analytics-pipeline,Webhook delivered successfully
143,2023-07-17 18:10:23,WARNING,web-frontend,Unexpected null value encountered
666,2023-07-19 19:42:08,INFO,mobile-app,Disk usage warning triggered
695,2023-07-23 10:04:42,INFO,mobile-app,Webhook delivered successfully
611,2023-07-27 13:11:13,ERROR,cron-job,Background job executed
692,2023-08-05 12:56:49,DEBUG,web-frontend,Connection timeout detected
184,2023-08-11 15:28:02,INFO,auth-service,Payment retry scheduled
92,2023-08-16 17:24:30,INFO,api-gateway,Third-party API latency increased
508,2023-08-17 14:26:44,INFO,auth-service,Input validation failed
479,2023-08-19 22:23:15,INFO,notification-service,Metrics batch flushed
809,2023-08-21 20:19:57,DEBUG,mobile-app,Database sync completed
811,2023-08-22 15:54:48,WARNING,mobile-app,User login completed
394,2023-08-22 20:33:16,ERROR,web-frontend,Database sync completed
160,2023-08-25 08:44:34,DEBUG,api-gateway,Session token refreshed
346,2023-08-27 05:21:58,WARNING,analytics-pipeline,Email notification queued
718,2023-08-28 00:13:47,INFO,mobile-app,Metrics batch flushed
787,2023-09-01 13:10:46,INFO,worker,Database sync completed
112,2023-09-03 07:14:48,WARNING,auth-service,Session token refreshed
852,2023-09-03 16:01:09,INFO,cron-job,Third-party API latency increased
696,2023-09-04 03:12:12,INFO,web-frontend,Connection timeout detected
664,2023-09-05 01:40:42,DEBUG,mobile-app,Disk usage warning triggered
185,2023-09-08 08:57:36,DEBUG,cron-job,Rate limit threshold reached
445,2023-09-08 12:31:46,ERROR,cron-job,Input validation failed
73,2023-09-10 22:14:43,ERROR,mobile-app,Connection timeout detected
802,2023-09-11 05:54:41,DEBUG,analytics-pipeline,Permission check failed
246,2023-09-16 12:56:47,WARNING,web-frontend,Input validation failed
610,2023-09-18 19:10:58,INFO,payments-service,Background job executed
944,2023-09-21 10:14:59,ERROR,auth-service,Cache miss handled
171,2023-09-29 08:46:16,ERROR,auth-service,File upload validated
486,2023-09-30 11:19:44,ERROR,mobile-app,Third-party API latency increased
375,2023-10-02 04:09:10,ERROR,payments-service,Database sync completed
312,2023-10-03 22:09:01,DEBUG,worker,User login completed
260,2023-10-05 19:07:41,WARNING,worker,Third-party API latency increased
322,2023-10-08 07:35:03,INFO,analytics-pipeline,Metrics batch flushed
672,2023-10-12 00:24:24,DEBUG,worker,Worker heartbeat received
151,2023-10-15 01:11:02,INFO,payments-service,Connection timeout detected
570,2023-10-16 19:59:03,DEBUG,auth-service,Rate limit threshold reached
356,2023-10-17 10:34:34,DEBUG,notification-service,Permission check failed
573,2023-10-22 02:38:38,INFO,analytics-pipeline,Request processed successfully
332,2023-10-22 04:11:08,WARNING,web-frontend,Third-party API latency increased
391,2023-10-22 07:31:29,DEBUG,web-frontend,Session token refreshed
621,2023-10-24 02:11:36,INFO,notification-service,Third-party API latency increased
49,2023-10-24 14:32:03,DEBUG,mobile-app,File upload validated
997,2023-10-27 08:47:46,INFO,analytics-pipeline,Session token refreshed
711,2023-10-28 05:38:31,ERROR,web-frontend,Database sync started
97,2023-10-30 01:32:36,WARNING,web-frontend,Background job executed
243,2023-10-30 20:31:10,INFO,cron-job,Input validation failed
440,2023-10-31 02:23:04,DEBUG,payments-service,Unexpected null value encountered
626,2023-11-01 11:37:06,INFO,api-gateway,Payment retry scheduled
393,2023-11-02 17:16:31,DEBUG,db-sync,Third-party API latency increased
694,2023-11-06 23:44:30,INFO,analytics-pipeline,Database sync completed
137,2023-11-10 10:36:27,INFO,cron-job,Cache miss handled
984,2023-11-11 19:07:35,ERROR,payments-service,File upload validated
492,2023-11-15 22:44:27,WARNING,analytics-pipeline,User login completed
441,2023-11-18 19:54:47,WARNING,db-sync,Worker heartbeat received
283,2023-11-19 08:26:23,WARNING,notification-service,Cache miss handled
326,2023-11-20 00:34:22,WARNING,web-frontend,Permission check failed
500,2023-11-23 22:35:46,INFO,payments-service,Connection timeout detected
400,2023-11-28 17:24:37,ERROR,notification-service,Payment retry scheduled
916,2023-11-28 23:04:01,INFO,web-frontend,Rate limit threshold reached
84,2023-12-02 07:00:26,INFO,worker,Metrics batch flushed
722,2023-12-02 21:44:45,INFO,db-sync,Background job executed
773,2023-12-04 23:05:01,ERROR,api-gateway,User login completed
951,2023-12-05 08:44:39,ERROR,worker,Input validation failed
501,2023-12-10 00:41:42,ERROR,db-sync,Third-party API latency increased
268,2023-12-10 15:14:24,ERROR,worker,Permission check failed
603,2023-12-12 11:32:27,INFO,mobile-app,Database sync started
906,2023-12-14 12:02:12,ERROR,db-sync,Cache miss handled
419,2023-12-23 02:57:08,ERROR,web-frontend,User login completed
154,2023-12-24 06:56:04,INFO,auth-service,User login completed
909,2023-12-25 21:46:10,INFO,auth-service,Request processed successfully
342,2023-12-27 14:12:13,DEBUG,db-sync,Disk usage warning triggered
869,2024-01-05 15:55:19,INFO,db-sync,File upload validated
53,2024-01-06 18:20:29,INFO,notification-service,User login completed
653,2024-01-07 05:02:38,INFO,web-frontend,Cache miss handled
996,2024-01-09 19:51:01,INFO,worker,Permission check failed
900,2024-01-14 14:50:28,INFO,analytics-pipeline,Rate limit threshold reached
881,2024-01-16 12:07:41,WARNING,mobile-app,Rate limit threshold reached
311,2024-01-19 00:28:48,WARNING,mobile-app,Disk usage warning triggered
434,2024-01-26 08:33:54,DEBUG,cron-job,Unexpected null value encountered
678,2024-01-26 15:45:31,DEBUG,api-gateway,Session token refreshed
925,2024-01-27 01:21:17,DEBUG,auth-service,Session token refreshed
699,2024-02-09 01:31:53,DEBUG,analytics-pipeline,Payment retry scheduled
803,2024-02-10 07:07:41,INFO,db-sync,Webhook delivered successfully
520,2024-02-10 21:35:13,WARNING,mobile-app,Email notification queued
730,2024-02-11 11:30:19,INFO,notification-service,Database sync started
514,2024-02-11 22:16:00,DEBUG,api-gateway,Disk usage warning triggered
337,2024-02-16 23:20:18,DEBUG,worker,Disk usage warning triggered
410,2024-02-17 20:12:34,WARNING,analytics-pipeline,Worker heartbeat received
79,2024-02-23 01:56:13,INFO,notification-service,Unexpected null value encountered
17,2024-02-25 02:41:36,INFO,worker,Cache miss handled
654,2024-03-05 00:44:30,ERROR,notification-service,Disk usage warning triggered
519,2024-03-05 11:41:05,WARNING,payments-service,Unexpected null value encountered
646,2024-03-05 11:51:39,DEBUG,analytics-pipeline,Webhook delivered successfully
737,2024-03-05 19:43:04,WARNING,cron-job,Input validation failed
36,2024-03-07 17:02:14,WARNING,cron-job,Metrics batch flushed
328,2024-03-08 21:54:24,ERROR,notification-service,Cache miss handled
261,2024-03-10 14:10:38,INFO,mobile-app,Metrics batch flushed
901,2024-03-21 14:21:51,INFO,worker,Database sync completed
152,2024-03-23 21:41:58,INFO,web-frontend,File upload validated
602,2024-03-24 08:54:11,WARNING,mobile-app,Worker heartbeat received
200,2024-03-27 19:02:29,INFO,notification-service,Session token refreshed
288,2024-03-29 19:19:12,WARNING,payments-service,Database sync started
271,2024-03-30 20:34:58,INFO,analytics-pipeline,Session token refreshed
931,2024-03-31 02:36:52,INFO,notification-service,User login completed
596,2024-04-03 07:44:51,INFO,web-frontend,Input validation failed
876,2024-04-03 09:07:26,WARNING,payments-service,Webhook delivered successfully
788,2024-04-04 01:44:59,WARNING,db-sync,Database sync completed
462,2024-04-04 11:41:34,ERROR,api-gateway,Email notification queued
786,2024-04-05 03:45:51,DEBUG,auth-service,Database sync started
668,2024-04-07 13:38:53,WARNING,db-sync,Cache miss handled
794,2024-04-08 03:29:40,INFO,web-frontend,Connection timeout detected
270,2024-04-10 04:48:26,ERROR,auth-service,Background job executed
108,2024-04-11 18:15:10,ERROR,mobile-app,File upload validated
800,2024-04-13 21:42:51,DEBUG,notification-service,Email notification queued
389,2024-04-18 15:52:21,INFO,payments-service,Email notification queued
945,2024-04-20 18:46:13,INFO,cron-job,Connection timeout detected
295,2024-04-22 11:32:00,INFO,cron-job,Permission check failed
146,2024-04-23 03:17:40,INFO,web-frontend,Rate limit threshold reached
667,2024-04-24 01:37:11,WARNING,cron-job,Connection timeout detected
733,2024-05-04 14:12:09,INFO,payments-service,Third-party API latency increased
546,2024-05-10 18:28:18,WARNING,db-sync,Session token refreshed
726,2024-05-14 00:45:37,DEBUG,analytics-pipeline,Payment retry scheduled
955,2024-05-14 16:26:45,ERROR,payments-service,Background job executed
780,2024-05-16 09:22:09,INFO,mobile-app,Permission check failed
420,2024-05-16 17:45:00,INFO,mobile-app,Input validation failed
560,2024-05-18 10:03:38,WARNING,db-sync,Session token refreshed
359,2024-05-18 15:46:20,ERROR,api-gateway,Permission check failed
929,2024-05-19 21:18:49,INFO,worker,Cache miss handled
302,2024-05-21 23:26:36,INFO,auth-service,Worker heartbeat received
44,2024-05-24 15:01:19,ERROR,payments-service,Worker heartbeat received
449,2024-05-27 19:47:07,WARNING,web-frontend,Connection timeout detected
114,2024-06-04 05:08:51,WARNING,cron-job,Database sync completed
55,2024-06-04 21:37:07,WARNING,auth-service,Background job executed
70,2024-06-08 11:41:14,DEBUG,analytics-pipeline,Background job executed
725,2024-06-12 10:31:32,INFO,db-sync,Permission check failed
576,2024-06-13 14:03:12,WARNING,worker,Database sync started
61,2024-06-16 16:25:43,INFO,mobile-app,Input validation failed
52,2024-06-18 16:35:27,INFO,auth-service,Permission check failed
233,2024-06-21 13:59:27,DEBUG,auth-service,Worker heartbeat received
298,2024-06-21 23:19:33,ERROR,worker,User login completed
251,2024-06-27 18:13:16,ERROR,db-sync,Cache miss handled
480,2024-06-30 07:06:15,WARNING,analytics-pipeline,Cache miss handled
223,2024-07-02 22:28:57,WARNING,worker,Input validation failed
262,2024-07-04 04:48:18,INFO,db-sync,Rate limit threshold reached
619,2024-07-06 03:27:48,ERROR,cron-job,Metrics batch flushed
536,2024-07-07 00:32:15,WARNING,web-frontend,Metrics batch flushed
843,2024-07-07 07:44:51,WARNING,payments-service,Worker heartbeat received
227,2024-07-07 21:58:21,DEBUG,cron-job,Third-party API latency increased
553,2024-07-08 01:59:00,INFO,notification-service,Database sync started
612,2024-07-08 21:17:02,INFO,api-gateway,Unexpected null value encountered
911,2024-07-10 07:30:22,INFO,web-frontend,Third-party API latency increased
948,2024-07-11 15:03:54,DEBUG,analytics-pipeline,Disk usage warning triggered
745,2024-07-15 07:39:04,WARNING,notification-service,Webhook delivered successfully
580,2024-07-15 23:41:47,WARNING,notification-service,Unexpected null value encountered
828,2024-07-17 06:20:28,ERROR,payments-service,File upload validated
433,2024-07-18 05:31:53,INFO,auth-service,Metrics batch flushed
636,2024-07-21 08:52:40,INFO,mobile-app,Connection timeout detected
559,2024-07-22 07:45:44,ERROR,db-sync,User login completed
738,2024-07-23 10:10:04,INFO,analytics-pipeline,Input validation failed
989,2024-07-24 10:31:11,INFO,api-gateway,Disk usage warning triggered
72,2024-07-26 11:40:30,WARNING,analytics-pipeline,Metrics batch flushed
874,2024-07-26 12:24:51,INFO,cron-job,Background job executed
428,2024-07-28 08:27:40,INFO,analytics-pipeline,Worker heartbeat received
345,2024-07-28 08:58:46,INFO,db-sync,Third-party API latency increased
141,2024-07-29 08:10:17,INFO,analytics-pipeline,Request processed successfully
689,2024-08-01 07:39:58,INFO,auth-service,Third-party API latency increased
57,2024-08-03 17:46:30,INFO,notification-service,Background job executed
64,2024-08-07 05:43:26,WARNING,cron-job,Webhook delivered successfully
739,2024-08-07 08:03:28,INFO,cron-job,Rate limit threshold reached
807,2024-08-09 00:03:30,WARNING,auth-service,Unexpected null value encountered
209,2024-08-13 20:39:33,DEBUG,mobile-app,Database sync completed
128,2024-08-13 21:11:53,INFO,cron-job,Worker heartbeat received
455,2024-08-16 21:31:02,INFO,notification-service,Third-party API latency increased
165,2024-08-23 22:10:46,WARNING,auth-service,Metrics batch flushed
819,2024-08-26 20:45:36,INFO,auth-service,File upload validated
111,2024-09-01 23:51:54,DEBUG,payments-service,Email notification queued
919,2024-09-02 01:47:55,ERROR,db-sync,Email notification queued
674,2024-09-03 16:55:00,INFO,analytics-pipeline,Input validation failed
484,2024-09-06 02:21:26,INFO,api-gateway,Database sync started
920,2024-09-11 00:19:39,INFO,auth-service,Connection timeout detected
457,2024-09-13 07:30:52,INFO,api-gateway,Cache miss handled
107,2024-09-17 19:53:11,INFO,cron-job,Database sync started
387,2024-09-22 01:37:21,ERROR,cron-job,Metrics batch flushed
230,2024-09-23 04:18:12,ERROR,notification-service,Database sync started
702,2024-09-24 05:34:15,WARNING,auth-service,Permission check failed
499,2024-09-27 19:21:42,INFO,notification-service,Payment retry scheduled
376,2024-09-28 07:05:33,DEBUG,notification-service,Session token refreshed
119,2024-10-04 13:57:10,INFO,mobile-app,Metrics batch flushed
586,2024-10-04 18:01:11,DEBUG,mobile-app,Disk usage warning triggered
350,2024-10-05 09:12:12,INFO,mobile-app,Metrics batch flushed
548,2024-10-06 09:57:12,WARNING,notification-service,Payment retry scheduled
349,2024-10-08 16:53:52,WARNING,notification-service,Email notification queued
464,2024-10-11 06:30:44,WARNING,analytics-pipeline,Database sync completed
679,2024-10-13 17:54:35,INFO,worker,Database sync started
714,2024-10-16 23:39:29,INFO,notification-service,Disk usage warning triggered
456,2024-10-21 04:24:14,DEBUG,payments-service,Email notification queued
374,2024-10-26 16:48:07,WARNING,analytics-pipeline,Email notification queued
417,2024-10-27 23:40:08,ERROR,db-sync,Permission check failed
727,2024-10-28 18:44:33,INFO,web-frontend,Request processed successfully
754,2024-10-29 06:28:27,INFO,auth-service,Worker heartbeat received
172,2024-11-01 14:14:00,INFO,notification-service,Disk usage warning triggered
914,2024-11-03 02:25:44,DEBUG,api-gateway,Session token refreshed
766,2024-11-05 06:56:45,DEBUG,auth-service,Input validation failed
849,2024-11-07 16:04:20,INFO,auth-service,Payment retry scheduled
813,2024-11-09 13:51:17,INFO,api-gateway,Session token refreshed
16,2024-11-09 16:43:21,INFO,payments-service,Rate limit threshold reached
498,2024-11-10 02:42:07,DEBUG,api-gateway,Rate limit threshold reached
563,2024-11-12 14:43:20,ERROR,cron-job,Metrics batch flushed
244,2024-11-15 16:57:19,ERROR,mobile-app,Background job executed
776,2024-11-19 08:27:35,DEBUG,web-frontend,Payment retry scheduled
589,2024-11-20 05:21:46,INFO,cron-job,Worker heartbeat received
75,2024-11-21 13:08:07,INFO,auth-service,Request processed successfully
734,2024-11-23 12:33:34,INFO,worker,Email notification queued
317,2024-11-24 02:07:32,INFO,api-gateway,User login completed
76,2024-11-24 20:14:42,INFO,analytics-pipeline,Database sync started
769,2024-11-25 08:27:14,INFO,payments-service,Cache miss handled
979,2024-11-27 01:22:22,INFO,notification-service,Session token refreshed
100,2024-12-01 02:41:49,INFO,mobile-app,Background job executed
411,2024-12-05 09:21:14,WARNING,web-frontend,Metrics batch flushed
150,2024-12-05 10:43:53,INFO,worker,Input validation failed
860,2024-12-06 12:26:30,DEBUG,db-sync,Database sync started
998,2024-12-11 20:29:55,ERROR,notification-service,User login completed
170,2024-12-15 07:30:03,INFO,analytics-pipeline,File upload validated
832,2024-12-15 23:56:06,ERROR,worker,Connection timeout detected
482,2024-12-18 07:02:27,WARNING,payments-service,Database sync completed
630,2024-12-19 14:09:15,INFO,payments-service,Session token refreshed
503,2024-12-20 06:42:56,DEBUG,notification-service,Background job executed
147,2024-12-23 03:08:07,ERROR,analytics-pipeline,Unexpected null value encountered
565,2024-12-25 02:09:29,INFO,auth-service,Connection timeout detected
424,2024-12-28 11:23:11,INFO,api-gateway,Cache miss handled
193,2024-12-29 08:46:22,INFO,payments-service,Rate limit threshold reached
252,2024-12-29 15:45:23,WARNING,worker,Connection timeout detected
221,2024-12-31 06:30:55,INFO,payments-service,Connection timeout detected
1000,2025-01-07 03:15:05,ERROR,cron-job,Database sync started
120,2025-01-10 03:19:08,WARNING,db-sync,Cache miss handled
182,2025-01-10 08:51:35,INFO,payments-service,Permission check failed
617,2025-01-11 04:07:20,INFO,mobile-app,Session token refreshed
976,2025-01-12 23:14:58,ERROR,db-sync,Email notification queued
530,2025-01-14 12:00:40,INFO,analytics-pipeline,Disk usage warning triggered
384,2025-01-17 17:28:14,INFO,api-gateway,Worker heartbeat received
658,2025-01-18 21:30:46,DEBUG,api-gateway,Rate limit threshold reached
318,2025-01-28 03:28:46,WARNING,web-frontend,Database sync started
544,2025-01-30 16:44:10,INFO,worker,Session token refreshed
236,2025-02-08 01:46:33,ERROR,mobile-app,Worker heartbeat received
716,2025-02-08 22:01:17,DEBUG,web-frontend,Cache miss handled
719,2025-02-09 09:34:21,INFO,auth-service,Worker heartbeat received
135,2025-02-14 14:10:21,INFO,worker,Worker heartbeat received
768,2025-02-25 07:14:03,INFO,api-gateway,Cache miss handled
85,2025-02-26 19:34:30,INFO,api-gateway,Cache miss handled
639,2025-02-27 02:13:46,ERROR,notification-service,Worker heartbeat received
587,2025-02-27 17:39:19,DEBUG,cron-job,Worker heartbeat received
527,2025-03-02 21:36:49,WARNING,worker,Webhook delivered successfully
319,2025-03-04 05:05:42,WARNING,notification-service,Cache miss handled
673,2025-03-05 06:02:42,INFO,cron-job,Input validation failed
841,2025-03-09 16:19:55,ERROR,db-sync,File upload validated
564,2025-03-15 12:46:45,ERROR,db-sync,Metrics batch flushed
174,2025-03-16 18:09:50,ERROR,db-sync,Webhook delivered successfully
771,2025-03-18 00:37:12,INFO,worker,Connection timeout detected
511,2025-03-18 13:59:11,INFO,notification-service,Session token refreshed
749,2025-03-19 21:14:23,INFO,auth-service,Disk usage warning triggered
905,2025-03-22 14:14:23,DEBUG,auth-service,Background job executed
816,2025-03-23 07:13:51,ERROR,cron-job,Metrics batch flushed
274,2025-03-24 06:40:15,WARNING,worker,Background job executed
507,2025-03-29 01:22:16,ERROR,notification-service,Webhook delivered successfully
872,2025-03-31 00:03:17,INFO,cron-job,Webhook delivered successfully
467,2025-03-31 11:24:53,INFO,cron-job,Database sync started
358,2025-04-04 06:15:50,INFO,payments-service,Cache miss handled
669,2025-04-05 21:49:16,WARNING,payments-service,User login completed
650,2025-04-10 07:56:28,WARNING,web-frontend,Rate limit threshold reached
878,2025-04-10 21:09:23,INFO,worker,Rate limit threshold reached
609,2025-04-15 13:11:51,ERROR,mobile-app,Disk usage warning triggered
386,2025-04-17 13:54:01,INFO,api-gateway,Background job executed
132,2025-04-18 06:59:16,INFO,cron-job,Worker heartbeat received
968,2025-04-19 08:57:09,INFO,auth-service,Request processed successfully
744,2025-04-20 08:11:24,WARNING,web-frontend,Webhook delivered successfully
509,2025-04-20 08:40:14,INFO,mobile-app,Payment retry scheduled
806,2025-04-23 23:37:28,INFO,cron-job,Permission check failed
113,2025-04-25 13:47:41,INFO,web-frontend,Connection timeout detected
992,2025-04-26 04:08:15,INFO,db-sync,Unexpected null value encountered
435,2025-04-26 05:05:41,WARNING,cron-job,Unexpected null value encountered
240,2025-04-27 11:39:55,INFO,api-gateway,Session token refreshed
238,2025-04-29 01:11:15,WARNING,db-sync,Cache miss handled
475,2025-04-30 15:34:40,INFO,mobile-app,Database sync completed
824,2025-04-30 20:44:01,DEBUG,api-gateway,Background job executed
521,2025-05-01 18:55:34,INFO,api-gateway,User login completed
27,2025-05-03 01:02:02,INFO,api-gateway,Database sync started
368,2025-05-06 00:23:33,INFO,cron-job,Metrics batch flushed
821,2025-05-06 22:39:27,INFO,notification-service,Disk usage warning triggered
857,2025-05-15 06:19:42,DEBUG,worker,File upload validated
502,2025-05-19 23:42:06,INFO,payments-service,Background job executed
767,2025-05-21 22:55:37,WARNING,payments-service,Worker heartbeat received
831,2025-05-22 10:54:22,ERROR,web-frontend,Cache miss handled
723,2025-05-23 03:17:39,INFO,db-sync,Connection timeout detected
962,2025-05-24 17:08:12,ERROR,api-gateway,Metrics batch flushed
45,2025-05-28 01:15:07,INFO,mobile-app,Background job executed
798,2025-05-28 14:10:23,INFO,mobile-app,Input validation failed
485,2025-05-29 16:29:42,INFO,db-sync,Rate limit threshold reached
538,2025-05-31 11:49:24,INFO,payments-service,Webhook delivered successfully
713,2025-05-31 20:21:55,INFO,analytics-pipeline,Background job executed
487,2025-06-01 03:49:24,ERROR,auth-service,File upload validated
219,2025-06-01 08:44:54,WARNING,worker,Rate limit threshold reached
451,2025-06-02 08:00:50,INFO,auth-service,Permission check failed
523,2025-06-02 12:15:12,INFO,analytics-pipeline,Metrics batch flushed
686,2025-06-08 00:22:13,INFO,web-frontend,Rate limit threshold reached
936,2025-06-12 14:33:31,INFO,cron-job,Webhook delivered successfully
366,2025-06-16 21:28:45,DEBUG,worker,Connection timeout detected
615,2025-06-18 10:48:00,INFO,web-frontend,Permission check failed
539,2025-06-21 14:24:58,INFO,db-sync,Worker heartbeat received
250,2025-06-23 01:45:18,ERROR,api-gateway,Database sync completed
895,2025-06-24 03:23:24,ERROR,auth-service,Third-party API latency increased
412,2025-06-27 18:15:09,INFO,db-sync,Payment retry scheduled
30,2025-07-02 21:37:30,INFO,cron-job,Request processed successfully
465,2025-07-03 23:23:25,INFO,payments-service,File upload validated
281,2025-07-08 07:13:19,INFO,worker,Rate limit threshold reached
68,2025-07-09 03:38:07,INFO,cron-job,Cache miss handled
540,2025-07-15 08:50:06,INFO,payments-service,File upload validated
883,2025-07-17 02:46:40,WARNING,api-gateway,Background job executed
409,2025-07-18 02:45:27,INFO,notification-service,Payment retry scheduled
190,2025-07-18 11:59:57,DEBUG,api-gateway,User login completed
770,2025-07-19 09:34:35,INFO,web-frontend,Payment retry scheduled
430,2025-07-24 11:04:03,DEBUG,cron-job,Disk usage warning triggered
11,2025-07-25 00:03:52,DEBUG,web-frontend,Cache miss handled
810,2025-07-25 12:09:01,INFO,analytics-pipeline,Cache miss handled
585,2025-07-26 08:16:54,DEBUG,payments-service,Metrics batch flushed
512,2025-07-26 10:33:46,DEBUG,auth-service,Permission check failed
599,2025-07-28 04:53:46,INFO,db-sync,Background job executed
808,2025-07-29 10:29:21,INFO,worker,Cache miss handled
110,2025-07-31 21:53:26,WARNING,mobile-app,Third-party API latency increased
25,2025-08-02 13:03:34,INFO,analytics-pipeline,Permission check failed
403,2025-08-05 00:13:29,WARNING,cron-job,User login completed
214,2025-08-05 15:56:37,INFO,auth-service,Email notification queued
922,2025-08-06 02:40:16,INFO,worker,Session token refreshed
309,2025-08-06 09:23:03,INFO,db-sync,Database sync started
593,2025-08-09 08:04:31,ERROR,auth-service,Webhook delivered successfully
751,2025-08-12 01:41:00,WARNING,api-gateway,Worker heartbeat received
889,2025-08-12 07:44:25,INFO,notification-service,User login completed
642,2025-08-12 08:39:12,ERROR,api-gateway,Metrics batch flushed
140,2025-08-13 20:01:09,INFO,api-gateway,Payment retry scheduled
446,2025-08-15 03:18:12,INFO,api-gateway,Payment retry scheduled
663,2025-08-15 03:18:13,INFO,api-gateway,Rate limit threshold reached
707,2025-08-17 01:07:28,DEBUG,payments-service,Unexpected null value encountered
301,2025-08-19 14:19:00,ERROR,payments-service,User login completed
877,2025-08-19 18:11:24,WARNING,payments-service,Disk usage warning triggered
90,2025-08-23 02:09:39,DEBUG,payments-service,Disk usage warning triggered
912,2025-08-24 10:29:52,INFO,notification-service,Disk usage warning triggered
144,2025-08-24 18:34:34,WARNING,mobile-app,Webhook delivered successfully
752,2025-08-25 11:03:10,INFO,web-frontend,Database sync started
772,2025-08-28 10:25:52,INFO,analytics-pipeline,Webhook delivered successfully
584,2025-08-29 11:41:15,ERROR,mobile-app,Disk usage warning triggered
924,2025-09-04 17:48:59,WARNING,db-sync,User login completed
224,2025-09-06 02:10:35,DEBUG,auth-service,Connection timeout detected
183,2025-09-06 23:56:20,INFO,notification-service,File upload validated
638,2025-09-07 18:52:59,WARNING,payments-service,File upload validated
237,2025-09-09 17:18:12,DEBUG,mobile-app,Email notification queued
483,2025-09-09 20:09:50,INFO,db-sync,Database sync completed
971,2025-09-09 22:25:19,INFO,db-sync,File upload validated
648,2025-09-10 21:31:30,INFO,api-gateway,Metrics batch flushed
12,2025-09-12 03:07:59,INFO,analytics-pipeline,Third-party API latency increased
91,2025-09-13 15:15:26,DEBUG,db-sync,User login completed
191,2025-09-16 05:26:06,INFO,db-sync,Webhook delivered successfully
796,2025-09-16 08:14:37,INFO,analytics-pipeline,Session token refreshed
477,2025-09-18 06:49:57,INFO,notification-service,Unexpected null value encountered
382,2025-09-19 04:49:26,ERROR,api-gateway,Worker heartbeat received
740,2025-09-21 01:16:51,INFO,worker,Database sync completed
614,2025-09-23 23:13:47,INFO,payments-service,Input validation failed
859,2025-09-24 06:55:00,WARNING,mobile-app,Database sync started
331,2025-09-25 14:00:32,DEBUG,cron-job,Unexpected null value encountered
681,2025-09-27 11:48:50,INFO,web-frontend,Database sync started
285,2025-09-28 12:14:27,INFO,web-frontend,Request processed successfully
542,2025-09-30 21:57:24,INFO,worker,Session token refreshed
396,2025-10-03 12:15:00,INFO,payments-service,Database sync completed
685,2025-10-05 10:04:07,ERROR,mobile-app,Disk usage warning triggered
724,2025-10-06 09:21:49,INFO,notification-service,Background job executed
94,2025-10-06 11:56:27,ERROR,web-frontend,Email notification queued
89,2025-10-09 16:14:51,DEBUG,auth-service,Database sync completed
290,2025-10-11 05:34:06,INFO,analytics-pipeline,Background job executed
982,2025-10-11 09:16:36,INFO,analytics-pipeline,Session token refreshed
515,2025-10-12 12:06:07,INFO,cron-job,Session token refreshed
634,2025-10-14 16:53:01,ERROR,db-sync,Request processed successfully
950,2025-10-15 04:44:31,WARNING,worker,Unexpected null value encountered
197,2025-10-15 16:21:42,ERROR,auth-service,Background job executed
305,2025-10-21 01:59:06,INFO,cron-job,Payment retry scheduled
660,2025-10-25 01:19:41,ERROR,auth-service,Metrics batch flushed
164,2025-10-25 06:59:22,WARNING,payments-service,Unexpected null value encountered
903,2025-10-30 02:34:53,DEBUG,analytics-pipeline,Connection timeout detected
846,2025-10-31 03:46:57,DEBUG,db-sync,Background job executed
51,2025-11-10 04:03:33,INFO,mobile-app,Webhook delivered successfully
939,2025-11-10 17:14:42,ERROR,analytics-pipeline,Email notification queued
383,2025-11-12 01:48:43,WARNING,payments-service,Email notification queued
245,2025-11-12 12:19:21,INFO,web-frontend,User login completed
990,2025-11-13 06:34:30,WARNING,payments-service,Background job executed
534,2025-11-14 21:56:00,ERROR,auth-service,Payment retry scheduled
937,2025-11-15 08:40:20,ERROR,notification-service,Session token refreshed
867,2025-11-18 23:54:26,INFO,web-frontend,Webhook delivered successfully
823,2025-11-19 02:00:11,WARNING,auth-service,Background job executed
142,2025-11-24 14:35:01,INFO,api-gateway,Third-party API latency increased
884,2025-11-24 14:42:53,WARNING,web-frontend,Third-party API latency increased
361,2025-11-24 19:42:53,INFO,web-frontend,Permission check failed
161,2025-11-24 22:30:56,WARNING,web-frontend,Input validation failed
820,2025-11-27 14:15:54,INFO,notification-service,Worker heartbeat received
729,2025-11-29 18:10:49,DEBUG,cron-job,Rate limit threshold reached
13,2025-11-29 18:29:47,INFO,auth-service,User login completed
506,2025-11-30 19:28:03,WARNING,mobile-app,Rate limit threshold reached
335,2025-12-01 12:43:40,INFO,db-sync,Webhook delivered successfully
71,2025-12-04 15:20:00,INFO,analytics-pipeline,Cache miss handled
66,2025-12-05 10:48:44,WARNING,api-gateway,Connection timeout detected
118,2025-12-07 22:47:58,INFO,payments-service,Worker heartbeat received
105,2025-12-09 19:54:29,ERROR,worker,User login completed
491,2025-12-10 00:08:29,INFO,analytics-pipeline,Email notification queued
706,2025-12-14 23:15:38,INFO,cron-job,Permission check failed
863,2025-12-15 05:12:34,INFO,auth-service,Request processed successfully
949,2025-12-16 07:33:08,WARNING,auth-service,Database sync started
510,2025-12-18 09:17:22,INFO,api-gateway,Session token refreshed
26,2025-12-18 23:22:07,INFO,mobile-app,Database sync completed
529,2025-12-19 11:59:10,INFO,api-gateway,Email notification queued
981,2025-12-21 22:31:17,DEBUG,cron-job,Third-party API latency increased
220,2025-12-24 13:20:24,INFO,notification-service,Cache miss handled
306,2025-12-27 19:53:31,INFO,mobile-app,Connection timeout detected
551,2025-12-29 05:15:13,INFO,api-gateway,Metrics batch flushed
217,2025-12-30 03:03:31,ERROR,worker,Disk usage warning triggered
296,2025-12-30 19:16:13,WARNING,db-sync,Permission check failed
947,2025-12-31 12:50:54,INFO,web-frontend,Database sync started
756,2026-01-01 14:46:58,WARNING,analytics-pipeline,Permission check failed
201,2026-01-03 11:36:52,ERROR,worker,Disk usage warning triggered
187,2026-01-06 18:47:09,ERROR,cron-job,Email notification queued
935,2026-01-07 05:11:27,INFO,api-gateway,Input validation failed
735,2026-01-08 14:08:35,DEBUG,db-sync,Connection timeout detected
613,2026-01-13 05:53:53,ERROR,db-sync,Permission check failed
700,2026-01-14 23:38:52,ERROR,db-sync,Unexpected null value encountered
315,2026-01-19 10:56:48,DEBUG,cron-job,Background job executed
526,2026-01-19 15:19:08,INFO,cron-job,Unexpected null value encountered
708,2026-01-19 22:25:26,INFO,auth-service,Database sync started
606,2026-01-20 07:41:09,DEBUG,analytics-pipeline,User login completed
918,2026-01-20 14:07:38,ERROR,notification-service,Request processed successfully
381,2026-01-20 17:48:06,INFO,notification-service,Disk usage warning triggered
395,2026-01-23 17:29:22,WARNING,auth-service,Session token refreshed
131,2026-01-25 00:08:34,INFO,notification-service,Email notification queued
199,2026-01-27 02:26:21,WARNING,mobile-app,Metrics batch flushed
759,2026-01-29 08:56:05,INFO,payments-service,Session token refreshed
683,2026-01-29 13:55:14,INFO,payments-service,Input validation failed
405,2026-01-30 13:55:21,INFO,db-sync,Rate limit threshold reached
354,2026-02-06 00:54:29,DEBUG,mobile-app,Session token refreshed
987,2026-02-08 05:43:33,INFO,payments-service,Database sync completed
10,2026-02-19 17:04:32,INFO,api-gateway,Worker heartbeat received
413,2026-02-22 14:58:28,DEBUG,worker,User login completed
671,2026-02-24 04:39:06,WARNING,analytics-pipeline,Input validation failed
159,2026-02-26 10:38:01,INFO,auth-service,Rate limit threshold reached
275,2026-03-02 02:02:48,WARNING,mobile-app,Payment retry scheduled
460,2026-03-03 15:55:08,WARNING,notification-service,User login completed
426,2026-03-07 17:23:27,INFO,auth-service,Session token refreshed
340,2026-03-08 01:57:07,ERROR,worker,Request processed successfully
18,2026-03-08 12:05:59,INFO,cron-job,Background job executed
388,2026-03-10 14:23:13,INFO,payments-service,Session token refreshed
541,2026-03-11 10:36:25,INFO,mobile-app,File upload validated
173,2026-03-12 05:37:49,WARNING,payments-service,Request processed successfully
408,2026-03-13 01:17:40,INFO,notification-service,Background job executed
904,2026-03-15 11:52:58,INFO,analytics-pipeline,Database sync started
537,2026-03-15 19:06:31,ERROR,api-gateway,Database sync completed
469,2026-03-17 00:52:11,INFO,notification-service,Payment retry scheduled
339,2026-03-22 07:20:22,WARNING,cron-job,Request processed successfully
871,2026-03-23 23:06:18,INFO,mobile-app,Session token refreshed
892,2026-03-24 01:12:27,INFO,db-sync,Connection timeout detected
578,2026-03-25 13:47:42,INFO,db-sync,Webhook delivered successfully
316,2026-03-27 01:41:25,DEBUG,cron-job,Session token refreshed
505,2026-03-27 21:52:04,INFO,db-sync,Connection timeout detected
116,2026-03-28 08:07:06,INFO,web-frontend,Unexpected null value encountered
169,2026-03-29 13:45:12,WARNING,cron-job,Webhook delivered successfully
691,2026-03-31 22:09:28,INFO,auth-service,Database sync completed
348,2026-04-04 13:21:14,DEBUG,auth-service,File upload validated
495,2026-04-05 09:30:16,INFO,notification-service,Unexpected null value encountered
954,2026-04-05 19:39:01,INFO,web-frontend,User login completed
693,2026-04-11 20:52:52,INFO,payments-service,Worker heartbeat received
276,2026-04-14 01:00:03,INFO,db-sync,Database sync started
202,2026-04-14 11:09:12,DEBUG,auth-service,Payment retry scheduled
156,2026-04-15 10:08:40,INFO,db-sync,Webhook delivered successfully
228,2026-04-19 10:56:46,WARNING,notification-service,User login completed
253,2026-04-21 09:35:21,WARNING,auth-service,Connection timeout detected
203,2026-04-28 09:46:52,INFO,auth-service,Rate limit threshold reached
255,2026-05-02 09:32:02,WARNING,notification-service,Unexpected null value encountered
943,2026-05-03 17:22:35,DEBUG,analytics-pipeline,File upload validated
277,2026-05-04 10:40:03,INFO,worker,Worker heartbeat received
373,2026-05-05 23:15:15,INFO,analytics-pipeline,Disk usage warning triggered
791,2026-05-06 09:02:31,WARNING,web-frontend,Email notification queued
196,2026-05-10 14:52:24,WARNING,db-sync,Database sync completed
875,2026-05-14 16:27:21,ERROR,cron-job,Request processed successfully
48,2026-05-15 18:26:51,DEBUG,auth-service,User login completed
765,2026-05-19 19:18:34,INFO,web-frontend,Input validation failed
258,2026-05-23 23:39:46,WARNING,auth-service,Worker heartbeat received
677,2026-05-24 11:04:33,INFO,web-frontend,Connection timeout detected
86,2026-05-25 15:40:34,INFO,worker,User login completed
999,2026-05-26 00:02:58,INFO,analytics-pipeline,Cache miss handled
437,2026-05-29 23:02:58,INFO,payments-service,File upload validated
845,2026-06-03 18:14:41,WARNING,auth-service,Disk usage warning triggered
577,2026-06-08 09:46:05,ERROR,worker,Third-party API latency increased
569,2026-06-08 10:50:49,ERROR,web-frontend,Metrics batch flushed
35,2026-06-09 03:31:38,INFO,mobile-app,Database sync completed
732,2026-06-09 15:23:24,INFO,web-frontend,Email notification queued
1,2026-06-10 15:07:05,DEBUG,worker,Background job executed
32,2026-06-15 09:34:33,INFO,worker,Permission check failed
414,2026-06-16 01:46:26,INFO,payments-service,Unexpected null value encountered
103,2026-06-17 00:20:43,INFO,cron-job,Connection timeout detected
595,2026-06-17 03:34:15,ERROR,web-frontend,Third-party API latency increased
930,2026-06-18 05:01:34,INFO,db-sync,Third-party API latency increased
978,2026-06-20 22:11:28,INFO,web-frontend,Third-party API latency increased
380,2026-06-26 21:48:57,ERROR,auth-service,Email notification queued
370,2026-06-29 07:42:58,WARNING,mobile-app,Database sync started
398,2026-07-01 03:06:06,WARNING,cron-job,Third-party API latency increased
710,2026-07-04 03:48:18,INFO,analytics-pipeline,Input validation failed
166,2026-07-05 20:19:28,INFO,web-frontend,Webhook delivered successfully
291,2026-07-06 04:27:43,DEBUG,notification-service,Session token refreshed
899,2026-07-10 22:23:21,INFO,cron-job,Email notification queued
292,2026-07-11 02:48:07,INFO,db-sync,User login completed
790,2026-07-13 13:01:12,INFO,payments-service,Payment retry scheduled
556,2026-07-15 03:40:50,INFO,worker,Connection timeout detected
913,2026-07-16 11:48:31,WARNING,mobile-app,Rate limit threshold reached
494,2026-07-16 23:46:13,INFO,analytics-pipeline,Permission check failed
975,2026-07-18 09:52:23,INFO,api-gateway,Request processed successfully
598,2026-07-24 11:02:02,ERROR,auth-service,Rate limit threshold reached
753,2026-07-24 21:17:41,WARNING,worker,User login completed
952,2026-07-28 08:30:27,INFO,analytics-pipeline,Webhook delivered successfully
297,2026-07-28 18:30:59,DEBUG,notification-service,Email notification queued
781,2026-07-30 12:31:16,DEBUG,auth-service,Request processed successfully
827,2026-07-31 04:46:52,INFO,payments-service,Background job executed
343,2026-08-05 07:10:06,INFO,db-sync,Request processed successfully
647,2026-08-11 07:48:12,INFO,api-gateway,Unexpected null value encountered
454,2026-08-16 09:42:33,INFO,notification-service,Email notification queued
310,2026-08-16 20:01:48,ERROR,db-sync,Request processed successfully
14,2026-08-17 11:22:01,INFO,worker,Cache miss handled
404,2026-08-19 13:01:17,INFO,analytics-pipeline,Database sync completed
926,2026-08-19 19:48:20,INFO,notification-service,Payment retry scheduled
149,2026-08-22 20:50:42,DEBUG,web-frontend,Database sync completed
247,2026-08-25 00:13:33,WARNING,db-sync,Webhook delivered successfully
581,2026-08-26 06:28:13,WARNING,mobile-app,Email notification queued
333,2026-08-30 03:23:05,ERROR,web-frontend,User login completed
814,2026-09-01 10:29:35,WARNING,db-sync,Database sync started
353,2026-09-04 17:00:33,INFO,mobile-app,Input validation failed
575,2026-09-06 17:44:31,DEBUG,worker,Rate limit threshold reached
81,2026-09-06 23:29:23,WARNING,worker,Database sync started
50,2026-09-10 10:35:54,INFO,cron-job,Database sync completed
157,2026-09-11 22:28:11,DEBUG,mobile-app,Worker heartbeat received
907,2026-09-13 16:39:11,INFO,payments-service,Worker heartbeat received
397,2026-09-13 23:30:01,WARNING,cron-job,Cache miss handled
222,2026-09-14 00:46:35,DEBUG,db-sync,Connection timeout detected
458,2026-09-17 07:05:53,INFO,payments-service,Metrics batch flushed
625,2026-09-18 02:58:47,INFO,notification-service,Payment retry scheduled
590,2026-09-22 05:11:46,WARNING,api-gateway,Input validation failed
287,2026-09-22 09:43:12,WARNING,worker,Disk usage warning triggered
703,2026-09-22 20:51:02,INFO,worker,Background job executed
830,2026-09-23 22:48:14,ERROR,db-sync,Background job executed
54,2026-09-24 01:41:58,WARNING,auth-service,User login completed
601,2026-09-24 11:47:20,WARNING,web-frontend,Unexpected null value encountered
254,2026-09-27 03:44:20,ERROR,web-frontend,Connection timeout detected
568,2026-09-27 06:59:37,WARNING,db-sync,Email notification queued
289,2026-09-28 15:27:38,INFO,api-gateway,Email notification queued
764,2026-10-02 23:42:11,INFO,db-sync,Disk usage warning triggered
980,2026-10-05 23:24:18,INFO,analytics-pipeline,Input validation failed
267,2026-10-07 06:19:46,INFO,auth-service,Worker heartbeat received
352,2026-10-09 03:35:28,WARNING,notification-service,Metrics batch flushed
459,2026-10-12 20:31:36,INFO,api-gateway,Database sync completed
995,2026-10-13 19:01:38,ERROR,auth-service,Background job executed
31,2026-10-15 13:36:26,WARNING,cron-job,File upload validated
554,2026-10-18 09:21:20,WARNING,api-gateway,Unexpected null value encountered
472,2026-10-20 16:19:51,ERROR,payments-service,Third-party API latency increased
264,2026-10-24 10:12:22,INFO,analytics-pipeline,Database sync completed
656,2026-10-27 05:50:25,WARNING,auth-service,User login completed
991,2026-11-03 07:35:15,INFO,notification-service,Third-party API latency increased
792,2026-11-04 02:05:03,INFO,mobile-app,Cache miss handled
777,2026-11-10 09:07:54,ERROR,worker,Rate limit threshold reached
972,2026-11-11 04:25:09,DEBUG,api-gateway,Input validation failed
364,2026-11-13 13:03:05,ERROR,auth-service,Permission check failed
299,2026-11-15 15:03:24,INFO,notification-service,Worker heartbeat received
269,2026-11-15 17:30:22,INFO,worker,Payment retry scheduled
715,2026-11-16 02:44:12,INFO,payments-service,Request processed successfully
797,2026-11-16 05:37:41,DEBUG,worker,Payment retry scheduled
181,2026-11-20 07:23:20,INFO,analytics-pipeline,Third-party API latency increased
406,2026-11-23 14:18:55,WARNING,db-sync,Worker heartbeat received
785,2026-11-27 06:42:08,DEBUG,auth-service,Background job executed
442,2026-12-01 11:58:51,INFO,db-sync,Database sync completed
550,2026-12-03 22:17:40,INFO,auth-service,Email notification queued
126,2026-12-04 11:56:10,INFO,web-frontend,Background job executed
720,2026-12-05 18:26:05,INFO,auth-service,Session token refreshed
163,2026-12-07 02:28:41,WARNING,analytics-pipeline,Database sync started
886,2026-12-08 10:48:24,INFO,analytics-pipeline,Request processed successfully
272,2026-12-13 14:01:39,INFO,web-frontend,File upload validated
158,2026-12-14 03:53:19,INFO,payments-service,Rate limit threshold reached
213,2026-12-14 23:55:30,INFO,worker,Metrics batch flushed
848,2026-12-18 01:53:17,WARNING,payments-service,Connection timeout detected
207,2026-12-25 02:33:04,ERROR,auth-service,Background job executed
887,2026-12-26 13:14:54,WARNING,analytics-pipeline,Disk usage warning triggered
80,2026-12-26 19:44:20,INFO,cron-job,Request processed successfully
896,2026-12-29 22:09:41,ERROR,web-frontend,Disk usage warning triggered
967,2026-12-30 05:18:54,INFO,payments-service,Worker heartbeat received
728,2026-12-30 12:53:47,INFO,worker,Cache miss handled
543,2026-12-31 01:13:24,INFO,notification-service,Connection timeout detected
